oa11cd,x,y,lat,lon
E00042665,425731,564928,54.9783,-1.5995151
E00042671,425558,564791,54.977078,-1.6022301
E00042592,423584,564313,54.972879,-1.633109
E00042812,423312,563534,54.965892,-1.637421
E00042661,425561,564849,54.977599,-1.6021781
E00175561,425148,564189,54.971689,-1.6086881
E00175595,425360,564168,54.971489,-1.6053783
E00042803,422449.105,563488.58,54.965518,-1.6509035
E00042411,427473.248,565849.983,54.986483,-1.5722113
E00042490,422955.326,567535.877,55.001861,-1.642678
E00042882,422155.274,565848.747,54.986738,-1.6553139
E00042160,420866.107,573107.32,55.052023,-1.67493
E00042800,429223.592,564974.539,54.978521,-1.5449538
E00042881,421719.199,566087.447,54.988905,-1.6621092
E00042161,420856.996,572955.259,55.050657,-1.6750976
E00042801,428584.523,564835.22,54.977309,-1.554951
E00042880,422469.87,565896.364,54.987155,-1.6504034
E00042418,427022.428,566385.008,54.991324,-1.5792085
E00042499,422713.778,567184.516,54.998718,-1.6464888
E00042419,427330.538,566146.553,54.98916,-1.5744176
E00042498,423059.298,567061.785,54.997597,-1.6410902
E00042168,424383.661,570372,55.027287,-1.6201138
E00042808,422687.68,563702.927,54.96743,-1.6471695
E00042169,423781.296,570475.163,55.028241,-1.6295221
E00042888,421906.098,565844.947,54.986713,-1.6592053
E00042157,420611.339,573100.869,55.05197,-1.6789218
E00042154,423080.174,572735.571,55.048582,-1.640306
E00042155,423262.358,572599.576,55.047352,-1.6374686
E00042152,421889.08,569258.508,55.017392,-1.6592112
E00042153,423272.279,572860.762,55.049697,-1.6372909
E00042150,421262.649,569259.965,55.017428,-1.6690166
E00042151,421720.429,569303.427,55.017804,-1.6618508
E00042158,420942.793,573473.252,55.055308,-1.6737137
E00042159,421109.64,573368.084,55.054358,-1.6711073
E00042666,426458.401,565052.637,54.979376,-1.5881455
E00042106,421340.779,566432.396,54.992021,-1.6680065
E00042187,427585.955,566926.598,54.996155,-1.5703578
E00042667,426220.896,565045.54,54.979326,-1.5918646
E00042107,427131.832,564491.684,54.974299,-1.5776836
E00042186,428114.993,566929.139,54.996152,-1.5620891
E00042664,426628.537,565038.795,54.979241,-1.5854907
E00042104,421625.397,566636.338,54.993842,-1.663537
E00042185,426189.355,566895.76,54.995951,-1.5921805
E00042184,427403.447,566796.66,54.994997,-1.5732149
E00042662,426394.738,565123.878,54.980018,-1.5891389
E00042102,421012.852,566693.635,54.99438,-1.6731137
E00042183,427817.152,566897.674,54.995882,-1.5667344
E00042663,426180.231,565093.006,54.979759,-1.5924852
E00042103,421348.804,566652.719,54.993998,-1.6678652
E00042182,426344.539,566939.055,54.996339,-1.5897538
E00042100,421843.947,566493.893,54.992548,-1.6601406
E00042101,421433.134,566939.383,54.996573,-1.6665153
E00042668,426489.885,564976.303,54.978692,-1.5876682
E00042108,427091.498,564384.912,54.97334,-1.5783185
E00042189,425936.077,568270.622,55.00832,-1.5960109
E00042669,425845.7,564771.088,54.976883,-1.5977481
E00042109,427778.975,564145.226,54.971154,-1.5676096
E00042188,426901.19,566539.619,54.992715,-1.5810851
E00042656,426767.996,565315.772,54.981723,-1.5832933
E00042657,426568.133,565233.951,54.980997,-1.5864102
E00042654,426374.009,565659.999,54.984835,-1.5894023
E00042655,426013.323,565274.918,54.981394,-1.595078
E00042652,426780.071,565461.655,54.983034,-1.5830766
E00042653,425837.645,565377.252,54.982329,-1.5978187
E00042650,425704.804,565308.974,54.981716,-1.599903
E00042651,426160.641,565412.803,54.982627,-1.5927687
E00042658,426829.34,565209.454,54.980767,-1.5823344
E00042659,426683.827,565148.371,54.980227,-1.5846212
E00042606,423246.327,564920.135,54.97835,-1.6383401
E00042687,420245.572,565181.924,54.980825,-1.685208
E00042607,423324.526,564883.803,54.978013,-1.6371244
E00042686,420083.093,565175.669,54.980778,-1.6877396
E00042604,424125.046,565311.61,54.981821,-1.6245743
E00042685,419835.516,564694.791,54.976465,-1.6916476
E00042683,426164.279,565663.812,54.984882,-1.5926834
E00042600,423760.335,565371.648,54.982378,-1.6302724
E00042601,424340.217,565376.367,54.982395,-1.6212094
E00042608,423220.285,564729.25,54.976634,-1.6387617
E00042689,420105.159,564970.094,54.978935,-1.6874102
E00042609,424374.568,564738.513,54.97666,-1.6207322
E00042688,419658.94,565067.494,54.979824,-1.6943874
E00042347,420501.89,565386.445,54.982657,-1.6811936
E00042344,422187.579,565377.89,54.982504,-1.6548502
E00042342,421155.888,565467.099,54.983358,-1.6709687
E00042343,420835.819,565640.908,54.984926,-1.6759564
E00042340,421620.608,565471.648,54.983374,-1.6637026
E00042341,421259.751,565533.409,54.983946,-1.6693388
E00042348,421962.856,565090.5,54.979935,-1.6583877
E00042349,421304.65,565268.726,54.981563,-1.6686553
E00042336,419956.909,565854.111,54.986884,-1.6896769
E00042337,420623.89,565827.464,54.986615,-1.6792557
E00042334,420472.13,565921.038,54.987466,-1.6816087
E00042335,420181.798,565849.163,54.98683,-1.6861612
E00042332,420531.276,566231.207,54.990249,-1.6806646
E00042333,420958.385,565876.628,54.987041,-1.6740172
E00042330,420105.524,566049.068,54.988631,-1.6873349
E00042331,420792.368,566077.056,54.988854,-1.6765968
E00042338,420354.407,565528.802,54.983939,-1.6834805
E00042339,421327.863,565675.592,54.985219,-1.6682658
E00042576,423647.211,564796.389,54.977216,-1.6320852
E00042577,423808.038,564704.288,54.976382,-1.6295775
E00042574,428235.257,563766.395,54.967723,-1.5605082
E00042575,428059.975,563791.071,54.967958,-1.5632548
E00042572,428292.657,564105.294,54.970766,-1.5595846
E00042573,428377.573,563836.778,54.968344,-1.5582834
E00042570,428240.232,564344.739,54.972917,-1.5603734
E00042571,428038.548,564124.464,54.970951,-1.5635503
E00042578,423390.674,564455.038,54.974164,-1.636128
E00042579,425051.807,564608.883,54.975459,-1.6101669
E00042526,418055.922,565121.503,54.98037,-1.7194296
E00042527,417833.351,565237.963,54.98142,-1.7228911
E00042524,418404.543,565295.498,54.981921,-1.7139656
E00042525,418850.183,565205.038,54.981095,-1.7070027
E00042522,417873.133,565443.925,54.98327,-1.7222533
E00042523,418166.158,565219.001,54.981246,-1.7176891
E00042521,418620.993,565271.557,54.981697,-1.7105922
E00042528,418334.451,565142.552,54.980548,-1.7150691
E00042529,419295.889,564991.234,54.979155,-1.7000641
E00042516,418690.697,564984.871,54.979115,-1.709517
E00042597,424045.232,565520.356,54.983703,-1.6258068
E00042517,418226.798,565740.292,54.985926,-1.7167187
E00042596,423862.547,565604.001,54.984467,-1.6286593
E00042514,419382.731,565171.054,54.980769,-1.6986927
E00042595,423682.941,565688.151,54.98523,-1.6314651
E00042906,420123.139,567533.049,55.001965,-1.6869499
E00042515,419173.969,564902.842,54.97836,-1.7019761
E00042594,424260.484,565453.016,54.983091,-1.622453
E00042907,419904.558,567424.872,55.000994,-1.690381
E00042512,422625.126,567903.803,55.005183,-1.6478078
E00042593,423707.583,564273.178,54.972514,-1.6311909
E00042904,420355.419,567573.233,55.002315,-1.6833203
E00042513,419490.044,565443.818,54.983209,-1.6969869
E00042905,420479.706,567466.438,55.001349,-1.6813894
E00042510,422161.309,567952.448,55.005644,-1.6550582
E00042591,423484.807,564481.24,54.974394,-1.6346575
E00042511,422857.251,567961.665,55.005694,-1.6441761
E00042590,423625.965,564590.476,54.975366,-1.6324458
E00042903,422766.669,564799.614,54.977284,-1.6458489
E00042900,423057.312,564959.514,54.978709,-1.6412898
E00042901,423160.054,564934.308,54.978479,-1.6396826
E00175578,425706.43,564414.694,54.973682,-1.5999516
E00042599,423937.156,565598.835,54.984409,-1.6274879
E00175554,420776.175,564339.562,54.973237,-1.6769721
E00042519,418789.448,565535.709,54.984063,-1.7079343
E00042598,423682.226,565479.204,54.983352,-1.6314823
E00175569,423177.689,570250.849,55.026248,-1.6389886
E00042908,420234.683,567437.255,55.001098,-1.6852214
E00175566,423659.098,570245.271,55.02618,-1.6314495
E00042909,420239.172,567337.512,55.000199,-1.6851503
E00175567,423390.635,570424.996,55.027802,-1.6356426
E00175559,424846.033,563819.299,54.968379,-1.6134375
E00175563,425417.672,563959.147,54.969609,-1.6045064
E00175580,426102.789,564152.767,54.971308,-1.5937892
E00175583,425725.484,564257.402,54.972271,-1.5996688
E00175590,427096.799,567567.937,55.001942,-1.5779406
E00175589,427307.866,567638.176,55.002568,-1.5746354
E00175603,421677.102,567157.528,54.998522,-1.662685
E00175592,421144.201,566908.672,54.996307,-1.6710348
E00175605,423583.15,571844.33,55.040553,-1.6325069
E00175591,422978.747,570663.387,55.029968,-1.6420683
E00175596,421821.227,565340.535,54.982188,-1.6605718
E00175584,423848.79,565097.775,54.979912,-1.6289201
E00042766,429230.467,564076.555,54.970452,-1.5449356
E00042767,429411.252,563994.289,54.969704,-1.5421167
E00042764,428673.877,564267.83,54.9722,-1.5536171
E00175588,426038.376,564430.426,54.973809,-1.5947637
E00042765,429161.083,564539.856,54.974616,-1.5459665
E00175565,427496.772,567214.999,54.998748,-1.5717213
E00042762,428799.856,564566.996,54.97488,-1.5516189
E00042763,428422.075,564332.481,54.972799,-1.5575315
E00042760,429287.7,564321.707,54.97265,-1.5440204
E00042761,428570.416,564442.52,54.973779,-1.5552087
E00042768,428809.989,565234.367,54.980882,-1.5513959
E00042769,429317.125,564892.821,54.977779,-1.5434936
E00042756,429395.836,564741.605,54.976418,-1.5422904
E00042757,429185.036,564670.94,54.975792,-1.5455783
E00042754,428951.861,563472.173,54.96504,-1.5493544
E00175581,419962.865,564076.516,54.970907,-1.6897063
E00042755,428720.234,563224.013,54.962825,-1.5529869
E00042752,428893.303,563659.852,54.966724,-1.5502415
E00042753,429137.607,563591.694,54.966099,-1.5464374
E00042750,429206.487,563845.084,54.968377,-1.545334
E00042751,429196.902,563641.057,54.966545,-1.5455108
E00042758,429374.939,564599.353,54.975143,-1.5426329
E00042759,428961.341,564518.057,54.974439,-1.549093
E00042706,424724.581,568026.686,55.006189,-1.6149817
E00042787,429423.336,565757.561,54.985546,-1.541749
E00042707,424253.25,567826.19,55.004415,-1.6223623
E00042786,428870.532,566044.219,54.988157,-1.5503615
E00042704,419691.212,565318.351,54.982078,-1.6938547
E00042785,429187.041,566077.428,54.988435,-1.5454043
E00042705,419992.653,565341.827,54.982273,-1.68915
E00042784,428388.303,566027.16,54.988032,-1.5578954
E00042702,419803.752,565491.403,54.983628,-1.6920928
E00042783,429415.742,566129.269,54.988889,-1.541836
E00042782,428987.939,566165.921,54.989237,-1.5485209
E00042781,428647.722,566129.157,54.988934,-1.5538379
E00042780,429042.611,566334.107,54.990753,-1.5476443
E00042708,424967.716,567403.685,55.000579,-1.6112366
E00042789,428755.937,565593.503,54.984111,-1.5522037
E00042709,425136.011,567360.091,55.000184,-1.6085986
E00042788,429547.449,565866.102,54.986518,-1.5398002
E00042046,422116.597,563648.529,54.96697,-1.6560923
E00042047,421866.976,563624.548,54.966766,-1.6599989
E00042044,420509.207,564622.209,54.975791,-1.6811229
E00042045,421551.722,564088.46,54.970949,-1.6648842
E00042042,421259.393,564639.754,54.975913,-1.6694048
E00042043,420448.616,564819.213,54.977564,-1.6820619
E00042048,420434.645,565063.405,54.979757,-1.6822634
E00042049,420632.499,564993.341,54.97912,-1.6791748
E00042276,423176.274,564244.369,54.972278,-1.6394881
E00042277,423260.1,564185.84,54.971744,-1.6381807
E00042274,421847.74,564399.872,54.973731,-1.6602369
E00042275,422460.797,564186.348,54.97179,-1.6506774
E00042272,422879.804,564224.884,54.972112,-1.6441292
E00042273,422337.136,564357.76,54.973332,-1.6525855
E00042270,422113.439,564425.872,54.973953,-1.6560795
E00042271,422512.392,564377.966,54.973504,-1.6498501
E00042278,422009.812,564118.547,54.971199,-1.6577276
E00042279,422721.299,564167.174,54.971607,-1.6466018
E00042226,426606.912,566896.85,54.995938,-1.5856626
E00042227,426861.314,566865.992,54.995646,-1.5816798
E00042224,428090.501,567048.171,54.997223,-1.5624526
E00042225,427859.262,567001.117,54.996814,-1.5660678
E00042222,426587.787,567070.187,54.997503,-1.5859435
E00042223,426253.503,567301.784,54.999596,-1.5911431
E00042220,427999.522,567189.065,54.998495,-1.5638612
E00042221,427026.723,567230.092,54.998917,-1.5790665
E00042228,419687.777,566818.871,54.995558,-1.6938147
E00042229,418719.013,566588.054,54.993528,-1.7089598
E00042216,426906.107,567274.931,54.999319,-1.5809382
E00042297,422946.809,568582.37,55.01127,-1.6427351
E00042217,426108.43,567250.377,54.999146,-1.5934144
E00042296,422649.36,568454.192,55.010133,-1.6473892
E00042214,426854.49,567390.699,55.000364,-1.5817402
E00042295,422126.665,568516.538,55.010714,-1.655562
E00042215,426757.254,567418.985,55.000621,-1.5832539
E00042294,423086.554,568669.286,55.012045,-1.640539
E00042212,426569.706,567490.324,55.001278,-1.5861861
E00042293,422630.017,568828.169,55.013495,-1.6476568
E00042213,427993.517,567513.656,55.001407,-1.5639235
E00042292,422760.516,569753.189,55.021801,-1.6455507
E00042210,426301.76,567498.816,55.001364,-1.5903748
E00042291,422960.001,568407.863,55.009697,-1.6425302
E00042211,425627.464,567625.077,55.00254,-1.6008997
E00042290,423200.021,568784.563,55.013074,-1.6387472
E00042299,421967.205,568367.625,55.009382,-1.6580595
E00042219,426604.133,567313.587,54.999686,-1.5856553
E00042298,423138.597,568379.649,55.009437,-1.6397493
E00042466,425345.342,565822.772,54.986353,-1.605467
E00042467,425648.515,565630.066,54.984612,-1.6007493
E00042464,425111.507,565870.324,54.986796,-1.6091194
E00042465,425966.545,565914.434,54.987148,-1.5957546
E00042462,425636.887,566074.392,54.988603,-1.6008972
E00042463,425216.129,566058.08,54.98848,-1.6074622
E00042460,425766.651,566166.582,54.989423,-1.5988574
E00042461,425457.35,566110.247,54.988935,-1.6036914
E00042468,425433.041,565594.923,54.9843,-1.604112
E00042469,425298.098,565654.741,54.984846,-1.6062162
E00042456,425783.676,566449.259,54.991965,-1.5985664
E00042457,425690.518,566348.658,54.991062,-1.6000289
E00042846,418172.128,567180.089,54.998868,-1.7174718
E00042454,425908.284,566368.833,54.991231,-1.5966201
E00042847,418667.371,567134.991,54.998436,-1.7097371
E00042455,425571.629,566309.728,54.990718,-1.6018921
E00042844,418723.663,567341.055,55.000294,-1.7088483
E00042452,424999.015,566373.802,54.991322,-1.6108259
E00042845,417895.719,567222.889,54.999255,-1.7217991
E00042453,425468.273,566588.434,54.99323,-1.6034771
E00042842,418162.63,567469.099,55.001465,-1.7176099
E00042450,425015.975,566486.786,54.992336,-1.6105661
E00042843,419901.214,567269.917,54.999602,-1.6904386
E00042451,425313.13,566470.635,54.992178,-1.6059101
E00042840,419158.616,567486.221,55.001581,-1.7020387
E00042841,419396.357,567403.801,55.000826,-1.6983237
E00042458,425250.296,566318.209,54.990815,-1.606908
E00042459,425797.825,566271.96,54.990365,-1.5983636
E00042848,419259.22,567291.499,54.999825,-1.7004728
E00042849,419073.483,567210.75,54.999104,-1.7033857
E00042406,427368.025,565623.772,54.984458,-1.5738735
E00042487,422828.964,567620.808,55.002631,-1.6446566
E00042407,426992.688,566231.99,54.989942,-1.5796918
E00042486,422360.585,567318.662,54.999938,-1.6519963
E00042836,420432.082,566982.2,54.997001,-1.6821585
E00042404,427242.701,566263.734,54.990216,-1.5757818
E00042485,422321.771,567700.905,55.003373,-1.6525763
E00042837,417660.038,567405.435,55.000908,-1.7254613
E00042405,427501.496,566174.484,54.989402,-1.5717426
E00042484,422630.353,567688.776,55.003251,-1.6477465
E00042834,417580.15,566880.133,54.996193,-1.726744
E00042402,427825.273,566639.407,54.993563,-1.5666343
E00042483,422858.485,567820.79,55.004427,-1.6441717
E00042835,418394.442,566857.036,54.995957,-1.7140222
E00042482,423061.721,567805.572,55.004283,-1.6409993
E00042832,419368.265,567057.505,54.997718,-1.6987847
E00042400,424665.439,568777.85,55.01294,-1.6158396
E00042481,421892.344,567196.139,54.998863,-1.6593213
E00042833,419549.768,567009.114,54.997279,-1.6959587
E00042401,425101.558,568779.413,55.012937,-1.6090218
E00042480,422454.231,567835.893,55.00458,-1.6504865
E00042830,424381.88,563933.694,54.969426,-1.620691
E00042831,419768.877,567132.523,54.998376,-1.6925271
E00042408,426887.086,565960.318,54.987513,-1.581358
E00042489,422467.586,567526.243,55.001803,-1.6503074
E00042409,427518.819,566000.494,54.987838,-1.5714936
E00042488,422606.286,567431.584,55.000943,-1.6481419
E00042838,418900.655,567399.92,55.000809,-1.7060776
E00042146,421448.717,569545.486,55.01999,-1.6660865
E00042147,421961.086,569640.422,55.020821,-1.6580561
E00042144,421612.366,569671.567,55.021115,-1.6635121
E00042145,421604.929,569534.122,55.019884,-1.6636475
E00042142,421892.435,569108.788,55.016044,-1.6591757
E00042143,421090.826,569145.413,55.016411,-1.6717149
E00042140,421613.379,569167.919,55.016586,-1.6635344
E00042141,421372.418,569120.971,55.016174,-1.6673067
E00042148,422052.14,569392.865,55.018589,-1.6566518
E00042149,421428.726,569300.14,55.017789,-1.6664176
E00042136,426808.041,564457.135,54.974011,-1.5827326
E00042137,427679.646,564521.36,54.974539,-1.5691199
E00042134,426548.868,564550.374,54.974861,-1.5867856
E00042135,427283.821,564609.172,54.975351,-1.5752979
E00042132,426978.275,564583.292,54.975134,-1.5800651
E00042133,427163.564,564610.244,54.975367,-1.5771724
E00042130,427659.664,564699.889,54.976139,-1.5694153
E00042131,427342.61,564693.734,54.976103,-1.5743682
E00042138,427505.105,564520.444,54.974539,-1.5718382
E00042139,427568.362,564341.169,54.972927,-1.5708712
E00042646,425597.73,565059.907,54.979484,-1.601597
E00042647,426320.943,564998.378,54.978898,-1.5903065
E00042644,426111.803,565154.403,54.980311,-1.5935577
E00042645,425764.282,565185.923,54.980608,-1.5989765
E00042642,425967.771,565336.82,54.981954,-1.5957912
E00042643,426345.268,565207.798,54.980775,-1.5898968
E00042640,417651.793,565335.212,54.982307,-1.7257288
E00042641,426264.673,565733.869,54.985506,-1.5911144
E00042648,425906.252,565506.238,54.983485,-1.596729
E00042649,426127.177,565471.254,54.983159,-1.5932789
E00042636,416597.024,565696.766,54.985587,-1.742177
E00042637,416908.482,565536.139,54.984139,-1.7373265
E00042634,416271.737,566345.104,54.99143,-1.7472346
E00042635,415436.894,566143.041,54.989641,-1.7602954
E00042632,415737.43,566291.583,54.990961,-1.7555833
E00042633,417727.114,566255.302,54.990572,-1.7244847
E00042630,415398.782,566451.713,54.99241,-1.7608728
E00042631,415517.6,566441.042,54.992316,-1.7590135
E00042638,416704.158,565446.769,54.983337,-1.7405194
E00042639,417490.533,565381.521,54.982726,-1.7282417
E00042376,423269.562,568312.702,55.008829,-1.6377064
E00042377,423454.35,568343.276,55.009099,-1.6348114
E00042374,424798.39,568289.602,55.008549,-1.613802
E00042375,424184.854,568266.645,55.008372,-1.623404
E00042372,424944.233,568371.384,55.009278,-1.6115122
E00042373,424671.369,568263.957,55.008321,-1.6157899
E00042370,424436.464,568395.151,55.009519,-1.619453
E00042371,424109.454,568251.108,55.008241,-1.6245779
E00042378,424530.492,568303.269,55.008688,-1.6179911
E00042379,424280.159,568232.459,55.008062,-1.6219059
E00042326,421119.627,565180.806,54.98078,-1.6715523
E00042327,420661.459,566042.49,54.988545,-1.6786465
E00042324,420050.762,565675.618,54.985272,-1.6882205
E00042325,421512.076,565452.308,54.983208,-1.6653916
E00042322,422979.665,568915.838,55.014261,-1.6421925
E00042323,421465.827,565595.143,54.984495,-1.6661153
E00042320,422155.668,569037.456,55.015394,-1.6550684
E00042321,422743.854,569003.822,55.015062,-1.645876
E00042328,421124.515,565729.072,54.985713,-1.6714339
E00042329,420292.643,566129.989,54.989342,-1.6844069
E00042316,422714.589,569123.493,55.016142,-1.64632
E00042397,424092.868,568939.668,55.014424,-1.624786
E00042317,422561.184,569072.982,55.015691,-1.6487166
E00042396,424424.295,568973.907,55.014714,-1.6195915
E00042314,422463.09,569388.074,55.018535,-1.6502245
E00042395,424282.179,569060.345,55.015502,-1.6218047
E00042315,422976.689,569237.618,55.017154,-1.6422137
E00042394,423805.777,569114.426,55.01601,-1.6292595
E00042312,422890.011,569397.412,55.018596,-1.6435458
E00042393,423764.867,568936.819,55.014413,-1.6299154
E00042313,422711.206,569306.293,55.017787,-1.6463524
E00042392,424497.673,569175.626,55.016525,-1.6184327
E00042310,422640.203,569737.985,55.021663,-1.6474288
E00042391,423995.482,569098.02,55.015858,-1.6262896
E00042390,424397.439,569171.558,55.016494,-1.6199969
E00042318,422207.466,568942.168,55.014538,-1.6542625
E00042399,424918.701,568897.332,55.014006,-1.6118731
E00042319,422421.973,569038.741,55.015391,-1.6509086
E00042398,423567.507,568787.014,55.013083,-1.6330082
E00042566,428158.811,564534.07,54.974629,-1.5616358
E00042567,428279.67,564655.413,54.975709,-1.5597336
E00042564,428191.743,564989.429,54.978715,-1.5610757
E00042565,427896.319,564699.049,54.976126,-1.5657127
E00042562,428079.259,564928.877,54.978174,-1.5628315
E00042563,428325.041,564828.808,54.977261,-1.558998
E00042560,428385.971,565009.456,54.978884,-1.5580428
E00042561,428137.927,564724.344,54.976337,-1.5619453
E00042568,427819.687,564557.855,54.974854,-1.5669294
E00042569,428096.766,564348.286,54.972961,-1.5626225
E00042556,427734.993,564863.86,54.977609,-1.5682278
E00042557,428211.779,565445.924,54.982812,-1.5607185
E00042554,428057.569,563508.832,54.965415,-1.5633136
E00042555,428428.776,563279.91,54.963336,-1.5575418
E00042552,428009.804,563671.131,54.966882,-1.5640474
E00042553,428225.739,563449.472,54.964875,-1.5606955
E00042550,428402.572,563430.203,54.964694,-1.5579329
E00042551,428356.361,563602.064,54.966243,-1.5586344
E00042558,428215.115,565534.911,54.983611,-1.5606473
E00042559,428262.233,565202.927,54.980625,-1.5599455
E00042506,422917.731,567020.133,54.997235,-1.643313
E00042587,423345.651,564578.938,54.975272,-1.6368211
E00042507,421997.935,566829.077,54.99556,-1.657708
E00042586,423770.53,564420.23,54.973832,-1.6301946
E00042504,422615.335,567126.575,54.998202,-1.6480252
E00042585,423601.906,564685.461,54.976221,-1.632813
E00042505,421833.222,566899.293,54.996196,-1.6602661
E00042584,423912.767,564647.338,54.975865,-1.6279575
E00042502,423553.251,567083.206,54.997772,-1.6333667
E00042583,425046.741,564677.134,54.976079,-1.610239
E00042503,421781.033,567026.854,54.99734,-1.6610692
E00042582,423301.893,564719.618,54.976541,-1.637497
E00042500,423233.293,567144.583,54.998335,-1.6383637
E00042581,423428.768,564861.811,54.977811,-1.6355014
E00042501,423246.575,566871.592,54.995881,-1.6381825
E00042580,424563.704,564659.705,54.975941,-1.6177862
E00042930,420461.525,567745.81,55.003857,-1.681651
E00042508,422345.817,566267.926,54.990495,-1.6523123
E00042589,423570.295,564510.829,54.97465,-1.6333116
E00042509,422193.579,566384.201,54.991553,-1.6546788
E00042588,423224.815,564529.589,54.974837,-1.6387153
E00175604,421727.237,567363.103,55.000371,-1.6618879
E00175601,427530.167,567089.407,54.997623,-1.5712018
E00175562,427151.699,564053.255,54.970362,-1.5774124
E00175594,425476.515,565321.952,54.981844,-1.6034643
E00175582,428617.423,563488.044,54.965203,-1.5545693
E00175557,426194.032,564307.398,54.972696,-1.592338
E00175572,422422.192,570735.645,55.030641,-1.6507605
E00175602,421582.146,567303.241,54.999838,-1.664159
E00175550,426704.036,564003.897,54.969937,-1.5843993
E00175600,423631.713,564955.235,54.978646,-1.6323221
E00042746,428928.498,563781.914,54.967818,-1.5496826
E00042747,429120.13,563971.356,54.969515,-1.5466645
E00042745,428700.845,563880.918,54.968721,-1.5532339
E00042742,428978.513,563359.83,54.964023,-1.5489441
E00042743,429402.905,563729.867,54.967324,-1.5422844
E00042740,428529.062,564124.47,54.970924,-1.5558807
E00042741,428709.459,564074.104,54.970464,-1.553074
E00042748,429044.641,563837.172,54.968315,-1.5478651
E00042736,425243.713,568002.424,55.005948,-1.6068696
E00042737,425356.271,567947.406,55.005448,-1.6051078
E00042734,425378.568,568215.626,55.007855,-1.6047402
E00042735,424279.862,568060.942,55.006516,-1.6219361
E00042732,425533.308,568350.679,55.00906,-1.6023048
E00042733,425352.905,568307.426,55.008683,-1.6051386
E00042730,424160.689,567008.434,54.997069,-1.6238849
E00042731,423957.874,567054.372,54.997492,-1.6270541
E00042738,425300.06,567952.206,55.005495,-1.6059828
E00042739,424127.556,567934.107,55.005392,-1.6243231
E00042076,421459.127,567703.058,55.003437,-1.6660519
E00042077,420967.663,567736.298,55.003755,-1.6737411
E00042074,421618.472,568147.258,55.00742,-1.6635329
E00042075,421540.373,567820.131,55.004485,-1.6647769
E00042072,421818.615,568249.803,55.008328,-1.6603982
E00042073,421728.397,568173.803,55.007649,-1.6618111
E00042070,420756.478,567867.098,55.004941,-1.6770303
E00042071,421053.695,567936.19,55.005548,-1.672382
E00042078,420774.349,567681.78,55.003269,-1.6767623
E00042079,420775.887,567545.733,55.002046,-1.6767565
E00042097,420891.584,567040.425,54.997504,-1.6749798
E00042096,421266.802,567346.97,55.000238,-1.6690955
E00042095,420958.14,567202.912,54.998957,-1.6739207
E00042094,421227.231,567453.706,55.001201,-1.6696973
E00042093,421078.768,567398.997,55.000713,-1.6720305
E00042092,421269.038,567622.778,55.002718,-1.6690282
E00042091,421135.906,566298.307,54.990826,-1.6712203
E00042090,421462.557,566289.459,54.990731,-1.6661105
E00042099,420827.379,566862.505,54.995907,-1.675993
E00042266,422148.2,564570.023,54.975254,-1.6555216
E00042267,422301.82,564527.388,54.974861,-1.6531347
E00042264,421846.851,564636.574,54.975861,-1.6602345
E00042265,422004.369,564599.756,54.975521,-1.657769
E00042262,422244.84,564265.768,54.972509,-1.6540454
E00042263,421671.706,564605.072,54.97559,-1.6629708
E00042260,419906.846,566409.152,54.991874,-1.6904199
E00042261,419380.821,566295.438,54.99087,-1.6986484
E00042268,421554.658,564617.309,54.975702,-1.6647977
E00042269,421966.623,564412.422,54.973842,-1.6583769
E00042256,419662.868,566446.334,54.992216,-1.6942308
E00042257,418559.371,566449.391,54.992285,-1.7114694
E00042254,418964.008,566511.245,54.992827,-1.7051356
E00042255,419796.046,566546.842,54.993109,-1.6921297
E00042252,420231.41,566537.808,54.993011,-1.6853316
E00042253,418194.845,566558.706,54.993278,-1.7171671
E00042250,418390.365,566583.66,54.993495,-1.7141022
E00042251,420040.117,566624.704,54.9938,-1.6883107
E00042259,418395.407,566300.136,54.990952,-1.7140421
E00042206,427109.076,567739.508,55.003487,-1.5777211
E00042287,423254.695,563969.83,54.969803,-1.6382918
E00042207,426220.972,568071.572,55.006517,-1.5915887
E00042286,422319.452,564009.098,54.970205,-1.6528936
E00042285,422865.015,563930.145,54.969471,-1.6443712
E00042284,423025.478,564034.093,54.970398,-1.6418637
E00042202,425870.427,567860.679,55.00464,-1.5970798
E00042283,422128.598,564083.793,54.970879,-1.6558714
E00042203,427331.276,567920.341,55.005101,-1.5742334
E00042282,423114.922,564266.094,54.972479,-1.6404548
E00042200,426871.82,568183.276,55.007489,-1.5814003
E00042281,422415.001,564088.867,54.970911,-1.6513879
E00042201,425750.884,568046.121,55.006317,-1.5989391
E00042280,422143.975,564230.18,54.972199,-1.6556258
E00042208,427595.238,567715.696,55.003244,-1.5701257
E00042289,423133.749,569026.066,55.015251,-1.6397754
E00042209,426362.867,567677.568,55.002969,-1.5894048
E00042288,423293.846,569036.845,55.015334,-1.6372725
E00042446,424982.223,566612.808,54.99347,-1.6110709
E00042447,425187.717,566668.617,54.993963,-1.607862
E00042444,425197.184,566763.454,54.994816,-1.6076973
E00042876,422342.075,565960.926,54.987736,-1.652383
E00042445,425752.682,566602.671,54.993341,-1.5990372
E00042877,423141.78,564703.669,54.976404,-1.639998
E00042442,425829.157,566043.442,54.988314,-1.5978839
E00042874,423034.788,564717.968,54.976535,-1.6416685
E00042443,425100.529,565702.687,54.985287,-1.609306
E00042875,422663.174,564622.509,54.975698,-1.647472
E00042440,426001.423,566035.913,54.988233,-1.5951968
E00042872,417890.339,567537.859,55.002086,-1.7218577
E00042441,425583.103,565934.021,54.987347,-1.6017379
E00042873,422844.09,565040.678,54.979446,-1.6446112
E00042870,417970.558,567739.948,55.003898,-1.7205945
E00042871,418320.254,567489.512,55.001639,-1.7151386
E00042448,425200.512,566586.785,54.993226,-1.607666
E00042449,424943.079,566886.827,54.995934,-1.6116567
E00042878,422595.146,564899.801,54.978191,-1.6485126
E00042879,422455.212,564686.666,54.976283,-1.6507165
E00042436,427140.435,565423.209,54.982673,-1.5774551
E00042437,426950.835,565414.123,54.982603,-1.5804247
E00042826,424489.197,564175.071,54.971596,-1.6189834
E00042434,426957.432,565532.502,54.983663,-1.5803043
E00042827,423570.211,563833.968,54.968567,-1.633367
E00042435,427115.919,565349.963,54.98201,-1.5778527
E00042824,423466.387,564135.968,54.971285,-1.6349668
E00042432,427263.759,565640.015,54.984617,-1.5755126
E00042825,424050.252,564072.145,54.970691,-1.6258496
E00042433,427090.004,565603.233,54.984294,-1.5782194
E00042822,424222.538,564145.224,54.971339,-1.6231567
E00042430,427511.473,565774.566,54.985807,-1.5716246
E00042823,423574.224,564174.761,54.971631,-1.6332766
E00042431,427367.639,565719.202,54.985321,-1.57388
E00042820,423991.422,564565.018,54.975124,-1.6267301
E00042438,426975.994,565288.855,54.981469,-1.5800459
E00042439,425388.244,566260.938,54.990287,-1.6047564
E00042828,423794.754,564064.009,54.970632,-1.6298491
E00042829,424377.006,563979.573,54.96984,-1.6207496
E00042176,423970.671,570077.413,55.024656,-1.6265988
E00042897,422459.758,565092.288,54.979931,-1.6506224
E00042177,423799.506,569890.235,55.022984,-1.629289
E00042896,422688.08,565240.287,54.981251,-1.6470328
E00042814,423785.013,563479.727,54.965375,-1.630038
E00042174,423807.962,570212.733,55.025877,-1.6291372
E00042895,422588.253,565347.922,54.982217,-1.6485869
E00042175,424405.657,570165.792,55.025426,-1.6197873
E00042894,422294.653,565612.471,54.984611,-1.6531601
E00042172,424566.3,570226.967,55.025966,-1.6172638
E00042893,422351.665,565388.809,54.982596,-1.6522868
E00042173,424166.982,570309.295,55.026731,-1.6235136
E00042892,421843.915,565659.051,54.985053,-1.6602038
E00042810,423557.975,563558.009,54.966096,-1.6335925
E00042170,424038.422,570373.814,55.027313,-1.6255104
E00042891,422406.717,565671.859,54.985136,-1.6514054
E00042811,423300.376,563705.327,54.967429,-1.6375946
E00042171,424746.221,570171.02,55.025463,-1.6144529
E00042890,422075.622,565670.638,54.985142,-1.6565777
E00042818,423439.774,563346.668,54.964197,-1.6354528
E00042178,424191.279,569986.32,55.023828,-1.6231497
E00042899,423090.585,564493.439,54.97452,-1.6408116
E00042819,423390.204,563376.184,54.964468,-1.6362156
E00042179,427074.76,567374.382,55.000209,-1.5783027
E00042898,422659.629,564993.182,54.979032,-1.6475053
E00042126,426809.769,564563.421,54.974963,-1.5827071
E00042127,426901.974,564990.166,54.978795,-1.5812299
E00042124,427383.86,563618.4,54.966441,-1.5738299
E00042125,426697.543,564944.451,54.978393,-1.5844214
E00042122,427857.407,563773.766,54.967807,-1.5664116
E00042123,427628.156,563550.061,54.965816,-1.5700098
E00042120,427850.467,564005.968,54.969892,-1.5664985
E00042121,427440.864,563924.039,54.969187,-1.5729105
E00042128,426742.74,564900.768,54.977995,-1.5837225
E00042129,426928.194,564853.321,54.977563,-1.5808209
E00042116,427304.188,564279.097,54.972385,-1.5750011
E00042197,426922.841,568296.005,55.008502,-1.5805924
E00042117,427251.687,563546.749,54.965801,-1.5758984
E00042196,426476.459,566378.154,54.991291,-1.5877423
E00042677,425836.925,564376.925,54.973334,-1.5979242
E00042114,426607.15,564185.687,54.971578,-1.5858977
E00042674,426029.173,564380.359,54.97336,-1.5949089
E00042115,426909.576,564364.111,54.97317,-1.5811635
E00042194,426797.491,566799.679,54.995057,-1.5826863
E00042112,427167.294,565066.257,54.979464,-1.5770669
E00042193,426762.891,566622.831,54.993468,-1.5832498
E00042672,425416.085,564871.658,54.977804,-1.6044415
E00042113,427305.179,564428.803,54.973724,-1.5749713
E00042192,427656.116,566766.596,54.994713,-1.5692634
E00042673,425551.314,564748.026,54.976692,-1.6023433
E00042110,427493.757,564168.221,54.971377,-1.5720593
E00042670,425661.382,564790.322,54.977063,-1.600621
E00042111,427136.175,565182.487,54.980508,-1.5775403
E00042190,426971.839,567984.389,55.005696,-1.5798555
E00042118,427357.251,564100.285,54.970773,-1.5741902
E00042199,426690.074,568161.549,55.007301,-1.5842322
E00042198,426198.032,568275.524,55.008352,-1.5919141
E00042679,425510.211,564221.309,54.971958,-1.6030305
E00042626,417070.951,566526.471,54.99303,-1.7347365
E00042627,416034.815,566245.824,54.990539,-1.7509442
E00042624,415204.461,566483.498,54.992703,-1.7639032
E00042625,416846.543,566460.87,54.992444,-1.7382414
E00042622,414946.117,566897.075,54.996431,-1.7679141
E00042623,416056.423,566702.426,54.994645,-1.7505749
E00042620,415723.46,566699.617,54.994628,-1.7557799
E00042621,415874.164,566548.123,54.993267,-1.753428
E00042628,416073.37,566457.43,54.992442,-1.7503228
E00042629,415700.149,566413.41,54.992059,-1.7561549
E00042616,415938.471,567042.745,54.997704,-1.7524004
E00042697,420537.129,564223.236,54.972205,-1.6807139
E00042617,415696.714,567056.748,54.997837,-1.7561824
E00042614,415955.416,566897.907,54.9964,-1.7521427
E00042695,420878.323,564440.884,54.974141,-1.6753714
E00042366,425035.207,568398.777,55.009516,-1.610087
E00042615,415208.872,566694.738,54.994599,-1.7638296
E00042694,419852.739,564365.578,54.973508,-1.6914047
E00042367,423392.791,568598.859,55.011393,-1.63576
E00042612,416469.892,565411.064,54.98303,-1.7441934
E00042693,420305.087,564417.223,54.973957,-1.6843244
E00042613,416116.005,567014.428,54.997446,-1.7496197
E00042365,425266.978,568644.078,55.011715,-1.6064536
E00042610,416929.494,566116.198,54.98935,-1.7369643
E00042691,420248.247,564577.768,54.975397,-1.6852036
E00042362,423132.776,568239.77,55.008179,-1.6398544
E00042611,416413.906,565590.875,54.984641,-1.7450583
E00042690,419904.216,564863.829,54.977981,-1.690558
E00042363,424422.57,569453.789,55.019027,-1.6195819
E00042360,423550.077,568991.909,55.014917,-1.6332573
E00042361,424699.657,568676.557,55.012031,-1.6153167
E00042618,415729.268,566971.242,54.997072,-1.7556712
E00042619,415431.335,566725.864,54.994871,-1.7603424
E00042368,423548.2,568626.143,55.011637,-1.6333185
E00042369,423327.342,568534.052,55.010821,-1.6367816
E00042356,422109.025,564832.454,54.97761,-1.6561108
E00042357,422245.018,564786.904,54.977191,-1.6539896
E00042354,422113.743,565115.712,54.980153,-1.6560265
E00042355,422224.527,564984.688,54.978971,-1.6543024
E00042352,421798.217,565118.899,54.980194,-1.660948
E00042350,421413.984,565036.711,54.979474,-1.6669694
E00042351,421673.266,565090.198,54.979948,-1.6629031
E00042358,420691.721,566421.314,54.99195,-1.6781504
E00042359,420545.565,566498.452,54.992648,-1.6804268
E00042387,424218.031,569712.61,55.021364,-1.6227505
E00042307,422587.698,568093.783,55.006892,-1.648387
E00042386,424747.613,569515.821,55.019568,-1.6144938
E00042304,422652.001,568235.299,55.008165,-1.6473595
E00042385,424718.165,569813.074,55.022247,-1.6149217
E00042305,422854.54,568143.116,55.007329,-1.6442085
E00042384,423308.75,567767.999,55.00393,-1.6371408
E00042302,422782.126,568286.828,55.008618,-1.6453229
E00042383,423731.091,568004.466,55.00604,-1.6305083
E00042303,422148.599,568176.9,55.007658,-1.6552442
E00042382,424950.364,568118.064,55.007005,-1.6114403
E00042300,422208.616,568395.066,55.009623,-1.6542892
E00042381,424890.713,568231.526,55.008023,-1.6123686
E00042301,422509.014,568454.671,55.01014,-1.6495782
E00042380,423200.9,568040.341,55.006388,-1.6388072
E00042308,422488.03,568245.61,55.008263,-1.6499229
E00042389,424192.644,569076.465,55.01565,-1.6232107
E00042309,422873.681,569688.844,55.021212,-1.6437885
E00042388,424117.681,569316.038,55.017811,-1.6243634
E00042546,418088.211,565458.441,54.983397,-1.7188929
E00042547,427971.049,564545.17,54.974738,-1.564556
E00042544,419034.815,565401.688,54.98285,-1.7041149
E00042545,418615.987,565517.683,54.983908,-1.7106544
E00042542,418273.362,565547.208,54.98419,-1.7159965
E00042543,418394.53,565839.973,54.986809,-1.7140871
E00042541,418989.971,565553.11,54.984217,-1.704808
E00042548,427962.124,564318.65,54.972699,-1.5647187
E00042549,428060.407,563961.7,54.969485,-1.5632226
E00042536,418606.501,564766.562,54.977159,-1.7108435
E00042537,418239.443,564751.863,54.977038,-1.7165781
E00042534,418417.762,564809.121,54.977553,-1.7137935
E00042926,419908.225,568064.681,55.006745,-1.6902742
E00042535,418980.57,564689.737,54.976454,-1.7050055
E00042927,420448.895,567897.265,55.005223,-1.6818434
E00042532,419031.181,565020.457,54.979426,-1.7041869
E00042924,420385.805,568257.274,55.00846,-1.6828028
E00042533,418248.305,564941.244,54.978745,-1.7164255
E00042925,420326.643,567807.573,55.004419,-1.6837571
E00042530,418470.828,564916.923,54.978512,-1.7129586
E00042922,419748.008,568021.345,55.006365,-1.6927787
E00042531,418754.576,564785.975,54.977325,-1.70853
E00042923,419946.365,567591.138,55.002493,-1.6897129
E00042920,420228.304,568208.583,55.008027,-1.685261
E00042921,419828.208,568188.849,55.007863,-1.6915165
E00042538,419086.489,564496.236,54.974715,-1.7033622
E00042539,419155.295,565691.223,54.985451,-1.7022049
E00042928,419694.45,567712.756,55.003591,-1.6936441
E00042929,419575.707,567849.341,55.004827,-1.6954952
E00042916,420166.451,568396.144,55.009718,-1.6862172
E00042917,419643.239,568353.318,55.009353,-1.6943977
E00042914,419371.565,568464.764,55.010361,-1.6986431
E00042915,419643.096,568476.69,55.010458,-1.6943893
E00042912,420801.337,569466.674,55.019307,-1.6762111
E00042913,420733.033,568922.431,55.014422,-1.6773138
E00042910,419576.89,569792.084,55.022286,-1.6953473
E00042911,417818.378,568973.374,55.014992,-1.7228944
E00175576,424311.811,563865.287,54.968819,-1.6217901
E00042918,419852.264,568318.193,55.00903,-1.6911322
E00175558,424786.735,564161.152,54.971455,-1.6143452
E00042919,420067.117,568272.739,55.008608,-1.6877738
E00175574,425274.728,565044.263,54.979366,-1.6066448
E00175560,426141.733,564241.121,54.972105,-1.5931719
E00175568,423282.436,570202.351,55.025812,-1.63735
E00175571,424063.211,570636.384,55.029675,-1.6250973
E00175555,425508.908,565148.333,54.980288,-1.6029796
E00175564,424997.567,565351.553,54.982138,-1.610946
E00175577,422963.831,563682.582,54.967238,-1.6428602
E00175599,419842.104,566212.807,54.990106,-1.6914337
E00175597,421341.07,564029.757,54.970428,-1.6681689
E00175598,422035.464,565399.233,54.982709,-1.6572235
E00175556,425907.055,564444.455,54.973942,-1.5968089
E00042776,428535.458,565269.666,54.981212,-1.5556734
E00042777,428856.196,564852.44,54.977447,-1.5506998
E00042774,429023.627,565831.196,54.986234,-1.547992
E00042775,429145.193,565505.343,54.983298,-1.5461186
E00042772,428414.694,565891.723,54.986808,-1.5575026
E00042773,428691.49,565934.721,54.987179,-1.5531697
E00042770,429145.849,564877.166,54.977654,-1.5461822
E00042771,428781.422,564666.874,54.975779,-1.5518901
E00175570,423519.744,570351.575,55.02714,-1.6336307
E00175586,420251.902,564315.582,54.973043,-1.6851751
E00175593,425372.224,564265.141,54.972361,-1.6051823
E00042778,429090.045,564762.13,54.976624,-1.5470531
E00175575,424306.226,563653.894,54.966914,-1.6218861
E00042779,428468.496,564623.278,54.975411,-1.5567842
E00175579,425293.27,564068.907,54.970594,-1.6064337
E00175585,424465.698,563936.077,54.969449,-1.6193786
E00175587,424316.522,564051.325,54.97049,-1.6216963
E00175551,425062.845,564006.477,54.970049,-1.6100474
E00042726,424780.975,567328.027,54.999914,-1.6141663
E00042727,424927.786,567300.8,54.999655,-1.6118709
E00042724,423418.606,567542.517,55.001903,-1.6354395
E00175573,423784.99,570714.226,55.030389,-1.6294554
E00042725,424187.954,567494.806,55.001435,-1.623422
E00175552,424794.698,563563.199,54.966081,-1.6142717
E00042723,423746.52,567397.176,55.000584,-1.630324
E00042720,423721.146,567634.92,55.002715,-1.6306952
E00042728,424208.961,567280.937,54.999511,-1.6231118
E00042729,424346.737,567203.378,54.998812,-1.6209611
E00042716,425443.863,568071.514,55.006557,-1.6037367
E00042797,428686.275,565190.861,54.980494,-1.553322
E00042717,424984.797,567866.099,55.004738,-1.6109307
E00042796,429255.261,565058.465,54.979274,-1.5444453
E00042714,423800.395,567766.885,55.003898,-1.6294493
E00042795,428456.427,565473.62,54.98305,-1.5568876
E00042066,422003.582,563775.476,54.968117,-1.6578475
E00042715,425292.891,567716.733,55.003375,-1.6061287
E00042794,428506.751,565622.636,54.984386,-1.5560916
E00042067,420789.463,568459.911,55.010259,-1.6764716
E00042712,424426.833,567662.949,55.002933,-1.6196716
E00042793,429539.465,565167.44,54.980237,-1.539997
E00042064,422250.47,563855.525,54.968825,-1.6539833
E00042713,424761.2,567746.908,55.003671,-1.6144273
E00042792,428990.769,565694.363,54.985005,-1.5485215
E00042065,421604.778,563753.117,54.967936,-1.6640814
E00042710,424549.088,567463.28,55.001139,-1.6177657
E00042791,429119.887,565689.284,54.984952,-1.5465063
E00042062,422014.223,563903.066,54.969266,-1.6576659
E00042711,423975.85,567915.19,55.005228,-1.626701
E00042790,429371.982,565678.928,54.984839,-1.5425697
E00042061,421843.471,563936.808,54.96957,-1.6603345
E00042718,425153.555,567684.72,55.003095,-1.6083045
E00042799,428770.108,565125.52,54.979905,-1.5520161
E00042719,423582.084,567649.702,55.002857,-1.632867
E00042798,429489.81,564919.627,54.978012,-1.5408036
E00042068,421218.398,568565.68,55.011194,-1.669756
E00042069,421032.09,568368.707,55.009431,-1.6726787
E00042056,421451.752,564167.034,54.971663,-1.6664404
E00042057,421396.422,564356.084,54.973364,-1.6672855
E00042054,420314.039,564734.014,54.976806,-1.6841615
E00042055,420745.092,564848.827,54.977812,-1.6774198
E00042052,420997.828,564546.295,54.975088,-1.6735047
E00042053,421348.595,564674.334,54.976223,-1.6680118
E00042050,421120.4,564888.969,54.978156,-1.6715581
E00042051,420285.009,564967.247,54.978901,-1.6845981
E00042058,421230.953,564387.685,54.973649,-1.6698764
E00042059,421665.658,563992.002,54.970081,-1.6631106
E00042087,421637.455,566194.013,54.98987,-1.6633826
E00042086,421054.327,566414.78,54.991872,-1.6724777
E00042085,420856.556,566587.054,54.993434,-1.6755597
E00042084,420994.723,568624.048,55.011733,-1.6732542
E00042083,420763.456,568620.665,55.011707,-1.6768665
E00042082,421121.617,568735.914,55.012725,-1.6712602
E00042081,420767.346,567320.52,55.000025,-1.6768978
E00042080,420588.678,567561.738,55.002198,-1.6796787
E00042089,421715.379,566278.807,54.990621,-1.6621573
E00042088,421606.499,566466.865,54.992315,-1.6638467
E00042246,420147.695,566696.882,54.994443,-1.6866333
E00042247,419188.458,566543.464,54.993106,-1.7016325
E00042244,419082.991,565947.477,54.987754,-1.7033287
E00042245,419617.102,565822.121,54.98661,-1.6949766
E00042242,419291.672,565978.627,54.988025,-1.7000605
E00042243,419015.254,566099.621,54.989123,-1.7043657
E00042241,419420.977,565979.552,54.988029,-1.6980445
E00042248,417973.059,566353.944,54.991443,-1.720634
E00042236,418165.887,566344.602,54.991356,-1.7176339
E00042237,419543.209,566085.581,54.988976,-1.6961152
E00042234,418765.639,566054.56,54.988728,-1.7082756
E00042235,418727.948,566161.4,54.989691,-1.7088625
E00042232,418431.895,566161.294,54.989701,-1.7134884
E00042233,419020.151,566239.317,54.99038,-1.7042783
E00042230,420054.285,566356.868,54.991391,-1.6881106
E00042238,419666.719,566152.396,54.989574,-1.6941884
E00042476,425232.952,566850.822,54.995596,-1.6071427
E00042477,425078.023,566772.401,54.994903,-1.6095565
E00042474,425830.785,566766.172,54.994811,-1.5978034
E00042866,418695.067,567702.832,55.003539,-1.7092626
E00042475,424995.281,566804.38,54.995195,-1.610851
E00042867,418366.854,567687.022,55.003417,-1.7144069
E00042472,425721.381,566919.924,54.996191,-1.5994934
E00042864,418265.024,567861.396,55.004984,-1.7159748
E00042473,425175.281,566986.704,54.996821,-1.6080217
E00042865,418158.122,567946.136,55.005752,-1.7176423
E00042470,425389.413,567036.587,54.99726,-1.6046723
E00042862,417963.229,566903.599,54.996386,-1.720756
E00042471,425367.123,566684.07,54.994098,-1.6050472
E00042863,420267.198,566832.466,54.99566,-1.6847482
E00042860,418944.392,567005.985,54.997267,-1.7054157
E00042861,419123.427,566918.179,54.996478,-1.7026235
E00042478,422010.614,566656.967,54.994005,-1.6575181
E00042479,422118.824,566411.593,54.991799,-1.6558489
E00042868,417652.481,567640.802,55.00302,-1.725572
E00042869,418544.285,567518.947,55.001891,-1.711635
E00042426,427252.213,566046.071,54.988266,-1.5756461
E00042427,427264.359,565937.429,54.987286,-1.5754689
E00042424,427158.156,566151.446,54.989214,-1.5771051
E00042856,417824.894,566862.572,54.996023,-1.7229312
E00042425,427047.801,565959.1,54.987495,-1.5788578
E00042857,420054.429,566975.596,54.996954,-1.6880674
E00042422,426811.302,566288.375,54.990464,-1.5825151
E00042854,418253.629,566899.211,54.99634,-1.7162234
E00042423,426635.908,566142.872,54.989162,-1.5852792
E00042855,417991.35,567113.269,54.998272,-1.7203053
E00042420,427611.478,566313.351,54.990645,-1.5700103
E00042852,417576.71,567069.548,54.997892,-1.726795
E00042421,427449.328,566242.782,54.990016,-1.5725488
E00042853,419315.306,566912.025,54.996417,-1.6996228
E00042850,419494.038,567258.94,54.999519,-1.6968015
E00042851,420210.254,567123.929,54.998277,-1.6856187
E00042428,427285.852,565821.675,54.986242,-1.5751517
E00042429,427098.128,565789.177,54.985965,-1.5780769
E00042858,418469.438,567028.215,54.997491,-1.7128389
E00042859,418652.893,566955.898,54.996828,-1.7099832
E00042416,427377.668,566521.613,54.992527,-1.5736474
E00042417,427591.614,566491.605,54.992246,-1.5703057
E00042496,423253.418,567352.254,55.000203,-1.6380342
E00042166,423384.173,571875.576,55.04084,-1.6356183
E00042806,423833.295,563881.644,54.968985,-1.629255
E00042414,426936.82,565603.63,54.984302,-1.5806257
E00042495,422365.869,567200.938,54.998878,-1.6519273
E00042887,421639.7,565765.453,54.986015,-1.6633836
E00042807,423724.101,563608.971,54.966537,-1.6309801
E00042415,427142.287,565513.427,54.983482,-1.5774153
E00042494,422755.714,567302.552,54.999777,-1.6458229
E00042886,421602.935,565947.96,54.987652,-1.6639481
E00042164,423083.469,571978.435,55.04178,-1.64032
E00042412,426946.568,565781.788,54.985901,-1.5804528
E00042493,422202.039,567394.151,55.000628,-1.6544602
E00042885,421267.905,566062.672,54.9887,-1.6691747
E00042805,423420.98,563727.982,54.967621,-1.6357185
E00042413,427025.732,565686.933,54.985043,-1.5792273
E00042492,422984.522,567336.96,55.000072,-1.6422405
E00042884,421728.16,565962.71,54.987781,-1.661978
E00042162,420297.679,573361.925,55.054328,-1.6838182
E00042802,428861.26,564978.932,54.978578,-1.5506091
E00042410,427538.782,565901.347,54.986947,-1.5711906
E00042491,421692.687,567483.053,55.00145,-1.6624259
E00042883,421461.34,566038.916,54.988476,-1.6661448
E00042889,422512.684,565691.248,54.985311,-1.6497475
E00042156,423458.883,572807.12,55.049212,-1.6343841
E00042180,428046.599,567360.048,55.000029,-1.5631099
E00042605,424018.823,565401.468,54.982635,-1.6262386
E00042682,426289.225,565883.799,54.986852,-1.59071
E00042681,426212.432,565871.156,54.986749,-1.5919144
E00042345,421639.701,565262.837,54.981495,-1.6634214
E00042520,419356.368,565276.021,54.981714,-1.6990919
E00042902,422423.613,564864.065,54.977884,-1.6512026
E00042518,419435.402,565581.522,54.984452,-1.697837
E00175553,424527.072,564144.502,54.971315,-1.6183925
E00042703,419837.018,565352.93,54.982378,-1.6915711
E00042218,426468.891,567051.049,54.997339,-1.5878053
E00042403,427822.07,566471.013,54.992053,-1.5666974
E00042839,418161.853,567250.667,54.999497,-1.7176393
E00042311,422892.326,569552.253,55.019989,-1.6435022
E00042258,419159.79,566366.096,54.991516,-1.7020975
E00042205,426575.757,567575.586,55.002042,-1.5860844
E00042816,423627.083,563382.887,54.964511,-1.6325136
E00042195,426887.559,566987.782,54.996741,-1.581262
E00042191,426639.786,566688.694,54.994068,-1.5851661
E00042364,423747.287,568649.89,55.011835,-1.6302049
E00042353,420932.788,565155.486,54.980563,-1.6744759
E00042306,422012.154,568169.122,55.007601,-1.657371
E00042540,419359.057,565654.52,54.985111,-1.6990196
E00042722,423410.092,567656.904,55.002928,-1.6355553
E00042721,425265.185,567451.605,55.000995,-1.6065741
E00042240,419303.348,566150.062,54.98957,-1.6998615
E00042249,418178.569,566470.577,54.992487,-1.7174228
E00042165,423152.143,571846.613,55.040591,-1.6392509